genre,name,reason,comment,image
ガジェット・スマホ周り,Anker モバイルバッテリー 10000mAh,スマホ約2回分を軽量ボディで持ち運べる,軽くて薄いのに一日安心。結局これに戻る人が多い定番。,
ガジェット・スマホ周り,USB-C ケーブル 充電 高耐久,断線しにくく長持ちで買い替え頻度が減る,高耐久タイプ。1本持っておくと充電のストレスが激減。,
ガジェット・スマホ周り,ワイヤレスイヤホン Bluetooth,ケーブルの煩わしさから解放され通勤が快適,安価でも十分使える定番。作業・移動のお供に。,
ガジェット・スマホ周り,スマホスタンド 卓上 折りたたみ,動画もビデオ通話も手ぶらでラクになる,角度が変えられて目線も上がる。地味に毎日使う。,
ガジェット・スマホ周り,microSDカード 128GB,容量不足の不安をまとめて解消できる,スマホ・カメラ・ゲーム機の保存容量を一気に増やせる。,
キッチン・便利グッズ,電気ケトル 1L 自動電源オフ,数十秒でお湯が沸き朝の時短に効く,一人暮らしの最初の一台に。自動で電源が切れて安心。,
キッチン・便利グッズ,保存容器 ガラス 電子レンジ対応,におい移りしにくくそのままレンジで温められる,作り置き・冷凍・温め直しが一個で完結。洗いやすい。,
キッチン・便利グッズ,ステンレスボトル 水筒 保温保冷,保温・保冷が長持ちして節約にもなる,夏も冬も大活躍。買い替え需要が多い定番アイテム。,
キッチン・便利グッズ,ハンディブレンダー 離乳食 スムージー,鍋に直接使えて洗い物が最小で時短,スープも離乳食もこれ一本。料理のハードルが下がる。,
キッチン・便利グッズ,キッチンばさみ 分解できる,丸洗いできて清潔に保てる,食材を切る・開けるが一本で完結。地味に毎日使う。,
美容・健康,電動歯ブラシ 充電式,手磨きより磨き残しが減る実感がある,つるつる感がクセになる。プレゼントにも人気。,
美容・健康,ヘアドライヤー 速乾 大風量,乾かす時間が短くなり髪の負担も軽い,毎日使うものだから満足度が高い。速乾は正義。,
美容・健康,メンズ電気シェーバー 水洗い,手入れがラクで清潔をキープできる,水洗いできて衛生的。リピート購入が多い分野。,
美容・健康,プロテイン ホエイ 1kg,続けやすい定番で運動の習慣化を後押し,溶けやすく飲みやすい。定期的に買い足す消耗品。,
日用品・消耗品,コーヒー ドリップ 個包装,1杯ずつ手軽で毎日の一杯がワンランク上に,お湯を注ぐだけ。毎日消費するのでリピート率が高い。,
日用品・消耗品,洗濯洗剤 詰め替え 大容量,まとめ買いでコスパ良く買い忘れも防げる,必ず使う日用品。大容量はストックにも安心。,
日用品・消耗品,アイマスク 蒸気 リラックス,一日の終わりにじんわり温めてプチ贅沢,手頃な価格でギフトにも。寝る前の習慣に。,
